order_id,customer_id,order_amount_cents,order_ts,loaded_at
O-1001,C-100,19900,2025-04-03T10:15:00,2025-04-03T12:00:00
O-1002,C-100,99900,2025-05-04T09:30:00,2025-05-04T12:00:00
O-1003,C-101,19900,2025-02-06T14:05:00,2025-02-06T16:00:00
O-1004,C-102,100000,2025-03-11T08:45:00,2025-03-11T10:00:00
O-1005,C-103,4900,2025-03-22T11:20:00,2025-03-22T13:00:00
O-1006,C-104,100000,2025-02-18T16:40:00,2025-02-18T18:00:00
O-1007,C-104,110000,2025-06-02T07:55:00,2025-06-02T09:00:00
O-1008,C-105,4900,2025-02-02T13:10:00,2025-02-02T15:00:00
O-1009,C-106,19900,2025-06-05T10:00:00,2025-06-05T12:00:00
